;series_name;episode_number;season_number;air_date;origin_country;channel;episode_url;duration
0;Arthdal Chronicles;8;2;01-10-2023;Corée du Sud;tvN;episode08-411009-01102023-saison2-Arthdal-Chronicles.html;None
1;Behind Your Touch;16;1;01-10-2023;Etats-Unis;Netflix;episode16-408686-01102023-saison1-Behind-Your-Touch.html;None
2;Bob's Burgers;1;14;01-10-2023;Etats-Unis;Fox;episode01-408094-01102023-saison14-Bob-s-Burgers.html;None
3;Entre Tierras;4;1;01-10-2023;Espagne;ATRESplayer;episode04-410970-01102023-saison1-Entre-Tierras.html;None
4;Family Guy;1;22;01-10-2023;Etats-Unis;Fox;episode01-408096-01102023-saison22-Family-Guy.html;None
5;Heartland (CA);1;17;01-10-2023;Canada;CBC;episode01-410271-01102023-saison17-Heartland-(CA).html;None
6;Krapopolis;3;1;01-10-2023;Etats-Unis;Fox;episode03-408093-01102023-saison1-Krapopolis.html;None
7;Last Week Tonight With John Oliver;11;10;01-10-2023;Etats-Unis;HBO;episode11-410868-01102023-saison10-Last-Week-Tonight-With-John-Oliver.html;None
8;Les Mystères de l'amour;8;33;01-10-2023;France;TMC;episode08-410185-01102023-saison33-Les-Mysteres-de-l-amour.html;None
9;SkyMed;1;2;01-10-2023;Canada;CBC Gem;episode01-410144-01102023-saison2-SkyMed.html;None
10;The Simpsons;1;35;01-10-2023;Etats-Unis;Fox;episode01-408095-01102023-saison35-The-Simpsons.html;None
11;The Villains of Valley View;15;2;01-10-2023;Etats-Unis;Disney Channel;episode15-410803-01102023-saison2-The-Villains-of-Valley-View.html;None
12;The Walking Dead: Daryl Dixon;4;1;01-10-2023;Etats-Unis;AMC;episode04-409847-01102023-saison1-The-Walking-Dead-Daryl-Dixon.html;None
13;When Calls the Heart;10;10;01-10-2023;Etats-Unis;Hallmark Channel;episode10-407539-01102023-saison10-When-Calls-the-Heart.html;None
14;5è Rang;4;6;02-10-2023;Canada;Radio Canada;episode04-410913-02102023-saison6-5e-Rang.html;None
15;66-5;5;1;02-10-2023;France;Canal+;episode05-410553-02102023-saison1-66-5.html;None
16;66-5;6;1;02-10-2023;France;Canal+;episode06-410554-02102023-saison1-66-5.html;None
17;Alertes;16;3;02-10-2023;Canada;TVA;episode16-410912-02102023-saison3-Alertes.html;None
18;American Dad!;14;19;02-10-2023;Etats-Unis;TBS (US);episode14-410594-02102023-saison19-American-Dad.html;None
19;Demain nous appartient;31;7;02-10-2023;France;TF1;episode31-410920-02102023-saison7-Demain-nous-appartient.html;None
20;Familie Bundschuh;8;1;02-10-2023;Allemagne;ZDF;episode08-409953-02102023-saison1-Familie-Bundschuh.html;None
21;Ici tout commence;26;4;02-10-2023;France;TF1;episode26-410915-02102023-saison4-Ici-tout-commence.html;None
22;Infiltré(e);3;1;02-10-2023;France;France 2;episode03-410718-02102023-saison1-Infiltre(e).html;None
23;Infiltré(e);4;1;02-10-2023;France;France 2;episode04-410719-02102023-saison1-Infiltre(e).html;None
24;Kamikaze (NOR);3;1;02-10-2023;Suède;Discovery +;episode03-410738-02102023-saison1-Kamikaze-(NOR).html;None
25;Murdoch Mysteries;1;17;02-10-2023;Canada;Citytv;episode01-410145-02102023-saison17-Murdoch-Mysteries.html;None
26;Narvalo;3;3;02-10-2023;France;Canal+;episode03-410627-02102023-saison3-Narvalo.html;None
27;Narvalo;4;3;02-10-2023;France;Canal+;episode04-410628-02102023-saison3-Narvalo.html;None
28;Pure Boxer;13;1;02-10-2023;Corée du Sud;KBS2;episode13-409147-02102023-saison1-Pure-Boxer.html;None
29;SOKO Potsdam;2;6;02-10-2023;Allemagne;ZDF;episode02-410907-02102023-saison6-SOKO-Potsdam.html;None
30;The Irrational;2;1;02-10-2023;Etats-Unis;NBC;episode02-409167-02102023-saison1-The-Irrational.html;None
31;The Long Shadow;2;1;02-10-2023;Royaume-Uni;ITVX;episode02-410620-02102023-saison1-The-Long-Shadow.html;None
32;The Long Shadow;3;1;02-10-2023;Royaume-Uni;ITVX;episode03-410816-02102023-saison1-The-Long-Shadow.html;None
33;The Long Shadow;4;1;02-10-2023;Royaume-Uni;ITVX;episode04-410897-02102023-saison1-The-Long-Shadow.html;None
34;The Long Shadow;5;1;02-10-2023;Royaume-Uni;ITVX;episode05-410898-02102023-saison1-The-Long-Shadow.html;None
35;The Long Shadow;6;1;02-10-2023;Royaume-Uni;ITVX;episode06-410899-02102023-saison1-The-Long-Shadow.html;None
36;The Long Shadow;7;1;02-10-2023;Royaume-Uni;ITVX;episode07-410900-02102023-saison1-The-Long-Shadow.html;None
37;Un Si Grand Soleil;23;6;02-10-2023;France;France 2;episode23-410925-02102023-saison6-Un-Si-Grand-Soleil.html;None
38;Ví?az;5;1;02-10-2023;Etats-Unis;Showtime;episode05-410696-02102023-saison1-Viaz.html;None
39;Ahsoka;8;1;03-10-2023;Etats-Unis;Disney+;episode08-406770-03102023-saison1-Ahsoka.html;None
40;Alexandra Ehle;1;4;03-10-2023;France;France 3;episode01-410257-03102023-saison4-Alexandra-Ehle.html;None
41;À coeur battant;4;2;03-10-2023;Canada;Radio Canada;episode04-410929-03102023-saison2-A-coeur-battant.html;None
42;Club Soly;4;3;03-10-2023;Canada;Noovo.ca;episode04-410931-03102023-saison3-Club-Soly.html;None
43;Demain nous appartient;32;7;03-10-2023;France;TF1;episode32-410921-03102023-saison7-Demain-nous-appartient.html;None
44;Found;1;1;03-10-2023;Etats-Unis;NBC;episode01-408424-03102023-saison1-Found.html;None
45;Ici tout commence;27;4;03-10-2023;France;TF1;episode27-410916-03102023-saison4-Ici-tout-commence.html;None
46;Only Murders in The Building;10;3;03-10-2023;Etats-Unis;Hulu;episode10-406259-03102023-saison3-Only-Murders-in-The-Building.html;None
47;Un Si Grand Soleil;24;6;03-10-2023;France;France 2;episode24-410926-03102023-saison6-Un-Si-Grand-Soleil.html;None
48;Aller simple;4;2;04-10-2023;Canada;Noovo.ca;episode04-410649-04102023-saison2-Aller-simple.html;None
49;American Horror Story;3;12;04-10-2023;Etats-Unis;FX;episode03-410183-04102023-saison12-American-Horror-Story.html;None
50;Archer (2009);7;14;04-10-2023;Etats-Unis;FXX;episode07-408904-04102023-saison14-Archer-(2009).html;None
51;Assisted Living;20;4;04-10-2023;Etats-Unis;BET;episode20-410621-04102023-saison4-Assisted-Living.html;None
52;Assisted Living;21;4;04-10-2023;Etats-Unis;BET;episode21-410622-04102023-saison4-Assisted-Living.html;None
53;Assisted Living;22;4;04-10-2023;Etats-Unis;BET;episode22-410623-04102023-saison4-Assisted-Living.html;None
54;Bones of Crows;3;1;04-10-2023;Canada;CBC;episode03-410642-04102023-saison1-Bones-of-Crows.html;None
55;Children Ruin Everything;2;3;04-10-2023;Canada;CTV;episode02-410794-04102023-saison3-Children-Ruin-Everything.html;None
56;Chucky;1;3;04-10-2023;Etats-Unis;Syfy;episode01-409037-04102023-saison3-Chucky.html;None
57;Demain nous appartient;33;7;04-10-2023;France;TF1;episode33-410922-04102023-saison7-Demain-nous-appartient.html;None
58;Hans River Police;7;1;04-10-2023;Etats-Unis;Disney+;episode07-409972-04102023-saison1-Hans-River-Police.html;None
59;Hans River Police;8;1;04-10-2023;Etats-Unis;Disney+;episode08-409973-04102023-saison1-Hans-River-Police.html;None
60;Hudson & Rex;1;6;04-10-2023;Canada;Citytv;episode01-410258-04102023-saison6-Hudson--Rex.html;None
61;Ici tout commence;28;4;04-10-2023;France;TF1;episode28-410917-04102023-saison4-Ici-tout-commence.html;None
62;Invasion (2021);7;2;04-10-2023;Etats-Unis;Apple TV+;episode07-407971-04102023-saison2-Invasion-(2021).html;52
63;Magnum P.I. (2018);11;5;04-10-2023;Etats-Unis;NBC;episode11-409152-04102023-saison5-Magnum-PI-(2018).html;None
64;Quantum Leap (2022);1;2;04-10-2023;Etats-Unis;NBC;episode01-408633-04102023-saison2-Quantum-Leap-(2022).html;None
65;RFDS;8;2;04-10-2023;Australie;Seven;episode08-410739-04102023-saison2-RFDS.html;None
66;Robyn Hood;2;1;04-10-2023;Canada;Global;episode02-410949-04102023-saison1-Robyn-Hood.html;None
67;SurrealEstate;1;2;04-10-2023;Etats-Unis;Syfy;episode01-409249-04102023-saison2-SurrealEstate.html;None
68;The Morning Show;5;3;04-10-2023;Etats-Unis;Apple TV+;episode05-407700-04102023-saison3-The-Morning-Show.html;50
69;The Worst of Evil;4;1;04-10-2023;Etats-Unis;Disney+;episode04-410766-04102023-saison1-The-Worst-of-Evil.html;None
70;The Worst of Evil;5;1;04-10-2023;Etats-Unis;Disney+;episode05-410767-04102023-saison1-The-Worst-of-Evil.html;None
71;Un Si Grand Soleil;25;6;04-10-2023;France;France 2;episode25-410927-04102023-saison6-Un-Si-Grand-Soleil.html;None
72;Young Dylan;5;4;04-10-2023;Etats-Unis;Nickelodeon;episode05-410578-04102023-saison4-Young-Dylan.html;None
73;All Creatures Great and Small (2020);1;4;05-10-2023;Royaume-Uni;Channel 5;episode01-410607-05102023-saison4-All-Creatures-Great-and-Small-(2020).html;None
74;À La Carte;4;2;05-10-2023;Etats-Unis;ALLBLK;episode04-410517-05102023-saison2-A-La-Carte.html;None
75;Demain nous appartient;34;7;05-10-2023;France;TF1;episode34-410923-05102023-saison7-Demain-nous-appartient.html;None
76;Everything Now;1;1;05-10-2023;Etats-Unis;Netflix;episode01-410218-05102023-saison1-Everything-Now.html;None
77;Everything Now;2;1;05-10-2023;Etats-Unis;Netflix;episode02-410890-05102023-saison1-Everything-Now.html;None
78;Everything Now;3;1;05-10-2023;Etats-Unis;Netflix;episode03-410891-05102023-saison1-Everything-Now.html;None
79;Everything Now;4;1;05-10-2023;Etats-Unis;Netflix;episode04-410892-05102023-saison1-Everything-Now.html;None
80;Everything Now;5;1;05-10-2023;Etats-Unis;Netflix;episode05-410893-05102023-saison1-Everything-Now.html;None
81;Everything Now;6;1;05-10-2023;Etats-Unis;Netflix;episode06-410894-05102023-saison1-Everything-Now.html;None
82;Everything Now;7;1;05-10-2023;Etats-Unis;Netflix;episode07-410895-05102023-saison1-Everything-Now.html;None
83;Everything Now;8;1;05-10-2023;Etats-Unis;Netflix;episode08-410896-05102023-saison1-Everything-Now.html;None
84;Ici tout commence;29;4;05-10-2023;France;TF1;episode29-410918-05102023-saison4-Ici-tout-commence.html;None
85;Les révoltés;5;1;05-10-2023;Canada;Club illico ;episode05-411201-05102023-saison1-Les-revoltes.html;None
86;Les révoltés;6;1;05-10-2023;Canada;Club illico ;episode06-411202-05102023-saison1-Les-revoltes.html;None
87;Loki;1;2;05-10-2023;Etats-Unis;Disney+;episode01-410901-05102023-saison2-Loki.html;None
88;Lupin;1;3;05-10-2023;Etats-Unis;Netflix;episode01-404379-05102023-saison3-Lupin.html;None
89;Lupin;2;3;05-10-2023;Etats-Unis;Netflix;episode02-404380-05102023-saison3-Lupin.html;None
90;Lupin;3;3;05-10-2023;Etats-Unis;Netflix;episode03-404381-05102023-saison3-Lupin.html;None
91;Lupin;4;3;05-10-2023;Etats-Unis;Netflix;episode04-404382-05102023-saison3-Lupin.html;None
92;Lupin;5;3;05-10-2023;Etats-Unis;Netflix;episode05-404383-05102023-saison3-Lupin.html;None
93;Lupin;6;3;05-10-2023;Etats-Unis;Netflix;episode06-404384-05102023-saison3-Lupin.html;None
94;Lupin;7;3;05-10-2023;Etats-Unis;Netflix;episode07-404385-05102023-saison3-Lupin.html;None
95;Our Flag Means Death;1;2;05-10-2023;Etats-Unis;HBO Max;episode01-409662-05102023-saison2-Our-Flag-Means-Death.html;None
96;Our Flag Means Death;2;2;05-10-2023;Etats-Unis;HBO Max;episode02-409663-05102023-saison2-Our-Flag-Means-Death.html;None
97;Our Flag Means Death;3;2;05-10-2023;Etats-Unis;HBO Max;episode03-409664-05102023-saison2-Our-Flag-Means-Death.html;None
98;Rictus;7;1;05-10-2023;France;OCS;episode07-409050-05102023-saison1-Rictus.html;None
99;Rictus;8;1;05-10-2023;France;OCS;episode08-409051-05102023-saison1-Rictus.html;None
100;Rictus;9;1;05-10-2023;France;OCS;episode09-409052-05102023-saison1-Rictus.html;None
101;Sous contrôle;1;1;05-10-2023;France;Arte;episode01-408741-05102023-saison1-Sous-controle.html;None
102;Sous contrôle;2;1;05-10-2023;France;Arte;episode02-411048-05102023-saison1-Sous-controle.html;None
103;Sous contrôle;3;1;05-10-2023;France;Arte;episode03-411049-05102023-saison1-Sous-controle.html;None
104;Sous contrôle;4;1;05-10-2023;France;Arte;episode04-411050-05102023-saison1-Sous-controle.html;None
105;Sous contrôle;5;1;05-10-2023;France;Arte;episode05-411051-05102023-saison1-Sous-controle.html;None
106;Sous contrôle;6;1;05-10-2023;France;Arte;episode06-411052-05102023-saison1-Sous-controle.html;None
107;Star Trek: Lower Decks;6;4;05-10-2023;Etats-Unis;Paramount+;episode06-409760-05102023-saison4-Star-Trek-Lower-Decks.html;None
108;Tacoma FD;12;4;05-10-2023;Etats-Unis;truTV;episode12-410643-05102023-saison4-Tacoma-FD.html;None
109;Tacoma FD;13;4;05-10-2023;Etats-Unis;truTV;episode13-410644-05102023-saison4-Tacoma-FD.html;None
110;Young Love;9;1;05-10-2023;Etats-Unis;HBO Max;episode09-410862-05102023-saison1-Young-Love.html;None
111;Young Love;10;1;05-10-2023;Etats-Unis;HBO Max;episode10-410863-05102023-saison1-Young-Love.html;None
112;Young Love;11;1;05-10-2023;Etats-Unis;HBO Max;episode11-410864-05102023-saison1-Young-Love.html;None
113;Young Love;12;1;05-10-2023;Etats-Unis;HBO Max;episode12-410865-05102023-saison1-Young-Love.html;None
114;Billions;9;7;06-10-2023;Etats-Unis;Showtime;episode09-409168-06102023-saison7-Billions.html;None
115;Demain nous appartient;35;7;06-10-2023;France;TF1;episode35-410924-06102023-saison7-Demain-nous-appartient.html;None
116;Familjen Andersson;8;1;06-10-2023;Suède;SVT Play;episode08-409539-06102023-saison1-Familjen-Andersson.html;None
117;Gaslight;4;1;06-10-2023;Suède;SVT Play;episode04-410680-06102023-saison1-Gaslight.html;None
118;Gaslight;5;1;06-10-2023;Suède;SVT Play;episode05-410681-06102023-saison1-Gaslight.html;None
119;Gaslight;6;1;06-10-2023;Suède;SVT Play;episode06-410682-06102023-saison1-Gaslight.html;None
120;Gen V;4;1;06-10-2023;Etats-Unis;Prime Video;episode04-408428-06102023-saison1-Gen-V.html;None
121;Ghosts (UK);1;5;06-10-2023;Royaume-Uni;BBC One;episode01-410534-06102023-saison5-Ghosts-(UK).html;None
122;Ghosts (UK);2;5;06-10-2023;Royaume-Uni;BBC One;episode02-410722-06102023-saison5-Ghosts-(UK).html;None
123;Ghosts (UK);3;5;06-10-2023;Royaume-Uni;BBC One;episode03-410723-06102023-saison5-Ghosts-(UK).html;None
124;Ghosts (UK);4;5;06-10-2023;Royaume-Uni;BBC One;episode04-410724-06102023-saison5-Ghosts-(UK).html;None
125;Ghosts (UK);5;5;06-10-2023;Royaume-Uni;BBC One;episode05-410725-06102023-saison5-Ghosts-(UK).html;None
126;Ghosts (UK);6;5;06-10-2023;Royaume-Uni;BBC One;episode06-410726-06102023-saison5-Ghosts-(UK).html;None
127;Huset;6;1;06-10-2023;Danemark;DR1;episode06-410716-06102023-saison1-Huset.html;None
128;Ici tout commence;30;4;06-10-2023;France;TF1;episode30-410919-06102023-saison4-Ici-tout-commence.html;None
129;Last Exit Schinkenstraße;1;1;06-10-2023;Etats-Unis;Prime Video;episode01-411018-06102023-saison1-Last-Exit-Schinkenstraße.html;None
130;Last Exit Schinkenstraße;2;1;06-10-2023;Etats-Unis;Prime Video;episode02-411019-06102023-saison1-Last-Exit-Schinkenstraße.html;None
131;Last Exit Schinkenstraße;3;1;06-10-2023;Etats-Unis;Prime Video;episode03-411020-06102023-saison1-Last-Exit-Schinkenstraße.html;None
132;Last Exit Schinkenstraße;4;1;06-10-2023;Etats-Unis;Prime Video;episode04-411021-06102023-saison1-Last-Exit-Schinkenstraße.html;None
133;Last Exit Schinkenstraße;5;1;06-10-2023;Etats-Unis;Prime Video;episode05-411022-06102023-saison1-Last-Exit-Schinkenstraße.html;None
134;Last Exit Schinkenstraße;6;1;06-10-2023;Etats-Unis;Prime Video;episode06-411023-06102023-saison1-Last-Exit-Schinkenstraße.html;None
135;Power Book IV: Force;6;2;06-10-2023;Etats-Unis;Starz;episode06-410815-06102023-saison2-Power-Book-IV-Force.html;None
136;Shoresy;3;2;06-10-2023;Canada;CraveTV;episode03-410866-06102023-saison2-Shoresy.html;None
137;SOKO Leipzig;7;24;06-10-2023;Allemagne;ZDF;episode07-410561-06102023-saison24-SOKO-Leipzig.html;None
138;Solsidan;3;8;06-10-2023;Suède;TV4;episode03-410858-06102023-saison8-Solsidan.html;None
139;Still Up;5;1;06-10-2023;Etats-Unis;Apple TV+;episode05-408946-06102023-saison1-Still-Up.html;45
140;The Changeling;7;1;06-10-2023;Etats-Unis;Apple TV+;episode07-408182-06102023-saison1-The-Changeling.html;50
141;The Continental: From The World Of John Wick;3;1;06-10-2023;Etats-Unis;Peacock;episode03-408644-06102023-saison1-The-Continental-From-The-World-Of-John-Wick.html;None
142;The Wheel of Time;8;2;06-10-2023;Etats-Unis;Prime Video;episode08-408196-06102023-saison2-The-Wheel-of-Time.html;None
143;Transplant;1;4;06-10-2023;Canada;CTV;episode01-408389-06102023-saison4-Transplant.html;None
144;Un Si Grand Soleil;26;6;06-10-2023;France;France 2;episode26-410928-06102023-saison6-Un-Si-Grand-Soleil.html;None
145;All Rise;14;3;07-10-2023;Etats-Unis;OWN;episode14-410327-07102023-saison3-All-Rise.html;None
146;Arthdal Chronicles;9;2;07-10-2023;Corée du Sud;tvN;episode09-411010-07102023-saison2-Arthdal-Chronicles.html;None
147;Boomer;6;1;07-10-2023;Belgique;Één;episode06-409827-07102023-saison1-Boomer.html;None
148;Johnson;10;3;07-10-2023;Etats-Unis;Bounce TV;episode10-410645-07102023-saison3-Johnson.html;None
149;Arthdal Chronicles;10;2;08-10-2023;Corée du Sud;tvN;episode10-411011-08102023-saison2-Arthdal-Chronicles.html;None
150;Bob's Burgers;2;14;08-10-2023;Etats-Unis;Fox;episode02-410729-08102023-saison14-Bob-s-Burgers.html;None
151;Entre Tierras;5;1;08-10-2023;Espagne;ATRESplayer;episode05-410971-08102023-saison1-Entre-Tierras.html;None
152;Family Guy;2;22;08-10-2023;Etats-Unis;Fox;episode02-410730-08102023-saison22-Family-Guy.html;None
153;Heartland (CA);2;17;08-10-2023;Canada;CBC;episode02-410535-08102023-saison17-Heartland-(CA).html;None
154;Krapopolis;4;1;08-10-2023;Etats-Unis;Fox;episode04-410328-08102023-saison1-Krapopolis.html;None
155;Last Week Tonight With John Oliver;12;10;08-10-2023;Etats-Unis;HBO;episode12-411014-08102023-saison10-Last-Week-Tonight-With-John-Oliver.html;None
156;Les Mystères de l'amour;9;33;08-10-2023;France;TMC;episode09-410595-08102023-saison33-Les-Mysteres-de-l-amour.html;None
157;SkyMed;2;2;08-10-2023;Canada;CBC Gem;episode02-410740-08102023-saison2-SkyMed.html;None
158;The Simpsons;2;35;08-10-2023;Etats-Unis;Fox;episode02-410728-08102023-saison35-The-Simpsons.html;None
159;The Walking Dead: Daryl Dixon;5;1;08-10-2023;Etats-Unis;AMC;episode05-409848-08102023-saison1-The-Walking-Dead-Daryl-Dixon.html;None
160;The Winter King;6;1;08-10-2023;Royaume-Uni;ITVX;episode06-409132-08102023-saison1-The-Winter-King.html;None
161;When Calls the Heart;11;10;08-10-2023;Etats-Unis;Hallmark Channel;episode11-407540-08102023-saison10-When-Calls-the-Heart.html;None
162;5è Rang;5;6;09-10-2023;Canada;Radio Canada;episode05-410914-09102023-saison6-5e-Rang.html;None
163;66-5;7;1;09-10-2023;France;Canal+;episode07-410555-09102023-saison1-66-5.html;None
164;66-5;8;1;09-10-2023;France;Canal+;episode08-410556-09102023-saison1-66-5.html;None
165;Alertes;17;3;09-10-2023;Canada;TVA;episode17-411030-09102023-saison3-Alertes.html;None
166;Demain nous appartient;36;7;09-10-2023;France;TF1;episode36-411033-09102023-saison7-Demain-nous-appartient.html;None
167;Harry Wild;1;2;09-10-2023;Etats-Unis;Acorn TV;episode01-410199-09102023-saison2-Harry-Wild.html;None
168;Harry Wild;2;2;09-10-2023;Etats-Unis;Acorn TV;episode02-410200-09102023-saison2-Harry-Wild.html;None
169;Ici tout commence;31;4;09-10-2023;France;TF1;episode31-411038-09102023-saison4-Ici-tout-commence.html;None
170;Infiltré(e);5;1;09-10-2023;France;France 2;episode05-410720-09102023-saison1-Infiltre(e).html;None
171;Infiltré(e);6;1;09-10-2023;France;France 2;episode06-410721-09102023-saison1-Infiltre(e).html;None
172;Kamikaze (NOR);4;1;09-10-2023;Suède;Discovery +;episode04-411031-09102023-saison1-Kamikaze-(NOR).html;None
173;Mentiras pasajeras;1;1;09-10-2023;Etats-Unis;Paramount+;episode01-410619-09102023-saison1-Mentiras-pasajeras.html;None
174;Murdoch Mysteries;2;17;09-10-2023;Canada;Citytv;episode02-410605-09102023-saison17-Murdoch-Mysteries.html;None
175;Narvalo;5;3;09-10-2023;France;Canal+;episode05-410629-09102023-saison3-Narvalo.html;None
176;SOKO Potsdam;3;6;09-10-2023;Allemagne;ZDF;episode03-410908-09102023-saison6-SOKO-Potsdam.html;None
177;The Irrational;3;1;09-10-2023;Etats-Unis;NBC;episode03-409679-09102023-saison1-The-Irrational.html;None
178;Un Si Grand Soleil;27;6;09-10-2023;France;France 2;episode27-411043-09102023-saison6-Un-Si-Grand-Soleil.html;None
179;Ví?az;6;1;09-10-2023;Etats-Unis;Showtime;episode06-410697-09102023-saison1-Viaz.html;None
180;Alexandra Ehle;2;4;10-10-2023;France;France 3;episode02-405395-10102023-saison4-Alexandra-Ehle.html;None
181;À coeur battant;5;2;10-10-2023;Canada;Radio Canada;episode05-410930-10102023-saison2-A-coeur-battant.html;None
182;Club Soly;5;3;10-10-2023;Canada;Noovo.ca;episode05-411047-10102023-saison3-Club-Soly.html;None
183;Demain nous appartient;37;7;10-10-2023;France;TF1;episode37-411034-10102023-saison7-Demain-nous-appartient.html;None
184;Found;2;1;10-10-2023;Etats-Unis;NBC;episode02-409591-10102023-saison1-Found.html;None
185;Ici tout commence;32;4;10-10-2023;France;TF1;episode32-411039-10102023-saison4-Ici-tout-commence.html;None
186;4EVER;1;1;11-10-2023;Etats-Unis;Disney+;episode01-411025-11102023-saison1-4EVER.html;None
187;4EVER;2;1;11-10-2023;Etats-Unis;Disney+;episode02-411026-11102023-saison1-4EVER.html;None
188;4EVER;3;1;11-10-2023;Etats-Unis;Disney+;episode03-411027-11102023-saison1-4EVER.html;None
189;4EVER;4;1;11-10-2023;Etats-Unis;Disney+;episode04-411028-11102023-saison1-4EVER.html;None
190;4EVER;5;1;11-10-2023;Etats-Unis;Disney+;episode05-411029-11102023-saison1-4EVER.html;None
191;Aller simple;5;2;11-10-2023;Canada;Noovo.ca;episode05-410650-11102023-saison2-Aller-simple.html;None
192;Aller simple;6;2;11-10-2023;Canada;Noovo.ca;episode06-411054-11102023-saison2-Aller-simple.html;None
193;American Horror Story;4;12;11-10-2023;Etats-Unis;FX;episode04-410339-11102023-saison12-American-Horror-Story.html;None
194;Archer (2009);8;14;11-10-2023;Etats-Unis;FXX;episode08-408905-11102023-saison14-Archer-(2009).html;None
195;Bones of Crows;4;1;11-10-2023;Canada;CBC;episode04-410782-11102023-saison1-Bones-of-Crows.html;None
196;Children Ruin Everything;3;3;11-10-2023;Canada;CTV;episode03-410932-11102023-saison3-Children-Ruin-Everything.html;None
197;Chucky;2;3;11-10-2023;Etats-Unis;Syfy;episode02-409115-11102023-saison3-Chucky.html;None
198;Cooper's Bar;1;2;11-10-2023;Etats-Unis;AMC;episode01-410431-11102023-saison2-Cooper-s-Bar.html;None
199;Cooper's Bar;2;2;11-10-2023;Etats-Unis;AMC;episode02-411062-11102023-saison2-Cooper-s-Bar.html;None
200;Demain nous appartient;38;7;11-10-2023;France;TF1;episode38-411035-11102023-saison7-Demain-nous-appartient.html;None
201;Hans River Police;9;1;11-10-2023;Etats-Unis;Disney+;episode09-409974-11102023-saison1-Hans-River-Police.html;None
202;Hans River Police;10;1;11-10-2023;Etats-Unis;Disney+;episode10-409975-11102023-saison1-Hans-River-Police.html;None
203;Hudson & Rex;2;6;11-10-2023;Canada;Citytv;episode02-410259-11102023-saison6-Hudson--Rex.html;None
204;Ici tout commence;33;4;11-10-2023;France;TF1;episode33-411040-11102023-saison4-Ici-tout-commence.html;None
205;Invasion (2021);8;2;11-10-2023;Etats-Unis;Apple TV+;episode08-407972-11102023-saison2-Invasion-(2021).html;52
206;La Mesias;1;1;11-10-2023;Espagne;Moviestar+;episode01-410340-11102023-saison1-La-Mesias.html;None
207;La Mesias;2;1;11-10-2023;Espagne;Moviestar+;episode02-410544-11102023-saison1-La-Mesias.html;None
208;Magnum P.I. (2018);12;5;11-10-2023;Etats-Unis;NBC;episode12-410783-11102023-saison5-Magnum-PI-(2018).html;None
209;Nada;1;1;11-10-2023;Espagne;Star+;episode01-410264-11102023-saison1-Nada.html;None
210;Nada;2;1;11-10-2023;Espagne;Star+;episode02-411069-11102023-saison1-Nada.html;None
211;Nada;3;1;11-10-2023;Espagne;Star+;episode03-411070-11102023-saison1-Nada.html;None
212;Nada;4;1;11-10-2023;Espagne;Star+;episode04-411071-11102023-saison1-Nada.html;None
213;Nada;5;1;11-10-2023;Espagne;Star+;episode05-411072-11102023-saison1-Nada.html;None
214;Pacto de Silencio;1;1;11-10-2023;Etats-Unis;Netflix;episode01-410272-11102023-saison1-Pacto-de-Silencio.html;None
215;Pacto de Silencio;2;1;11-10-2023;Etats-Unis;Netflix;episode02-411073-11102023-saison1-Pacto-de-Silencio.html;None
216;Pacto de Silencio;3;1;11-10-2023;Etats-Unis;Netflix;episode03-411074-11102023-saison1-Pacto-de-Silencio.html;None
217;Pacto de Silencio;4;1;11-10-2023;Etats-Unis;Netflix;episode04-411075-11102023-saison1-Pacto-de-Silencio.html;None
218;Pacto de Silencio;5;1;11-10-2023;Etats-Unis;Netflix;episode05-411076-11102023-saison1-Pacto-de-Silencio.html;None
219;Pacto de Silencio;6;1;11-10-2023;Etats-Unis;Netflix;episode06-411077-11102023-saison1-Pacto-de-Silencio.html;None
220;Pacto de Silencio;7;1;11-10-2023;Etats-Unis;Netflix;episode07-411078-11102023-saison1-Pacto-de-Silencio.html;None
221;Pacto de Silencio;8;1;11-10-2023;Etats-Unis;Netflix;episode08-411079-11102023-saison1-Pacto-de-Silencio.html;None
222;Pacto de Silencio;9;1;11-10-2023;Etats-Unis;Netflix;episode09-411080-11102023-saison1-Pacto-de-Silencio.html;None
223;Pacto de Silencio;10;1;11-10-2023;Etats-Unis;Netflix;episode10-411081-11102023-saison1-Pacto-de-Silencio.html;None
224;Pacto de Silencio;11;1;11-10-2023;Etats-Unis;Netflix;episode11-411082-11102023-saison1-Pacto-de-Silencio.html;None
225;Pacto de Silencio;12;1;11-10-2023;Etats-Unis;Netflix;episode12-411083-11102023-saison1-Pacto-de-Silencio.html;None
226;Pacto de Silencio;13;1;11-10-2023;Etats-Unis;Netflix;episode13-411084-11102023-saison1-Pacto-de-Silencio.html;None
227;Pacto de Silencio;14;1;11-10-2023;Etats-Unis;Netflix;episode14-411085-11102023-saison1-Pacto-de-Silencio.html;None
228;Pacto de Silencio;15;1;11-10-2023;Etats-Unis;Netflix;episode15-411086-11102023-saison1-Pacto-de-Silencio.html;None
229;Pacto de Silencio;16;1;11-10-2023;Etats-Unis;Netflix;episode16-411087-11102023-saison1-Pacto-de-Silencio.html;None
230;Pacto de Silencio;17;1;11-10-2023;Etats-Unis;Netflix;episode17-411088-11102023-saison1-Pacto-de-Silencio.html;None
231;Pacto de Silencio;18;1;11-10-2023;Etats-Unis;Netflix;episode18-411089-11102023-saison1-Pacto-de-Silencio.html;None
232;Quantum Leap (2022);2;2;11-10-2023;Etats-Unis;NBC;episode02-409735-11102023-saison2-Quantum-Leap-(2022).html;None
233;Robyn Hood;3;1;11-10-2023;Canada;Global;episode03-410950-11102023-saison1-Robyn-Hood.html;None
234;SurrealEstate;2;2;11-10-2023;Etats-Unis;Syfy;episode02-410804-11102023-saison2-SurrealEstate.html;None
235;The Morning Show;6;3;11-10-2023;Etats-Unis;Apple TV+;episode06-407701-11102023-saison3-The-Morning-Show.html;50
236;The Worst of Evil;6;1;11-10-2023;Etats-Unis;Disney+;episode06-410768-11102023-saison1-The-Worst-of-Evil.html;None
237;The Worst of Evil;7;1;11-10-2023;Etats-Unis;Disney+;episode07-410769-11102023-saison1-The-Worst-of-Evil.html;None
238;Un Si Grand Soleil;28;6;11-10-2023;France;France 2;episode28-411044-11102023-saison6-Un-Si-Grand-Soleil.html;None
239;Young Dylan;6;4;11-10-2023;Etats-Unis;Nickelodeon;episode06-410624-11102023-saison4-Young-Dylan.html;None
240;All Creatures Great and Small (2020);2;4;12-10-2023;Royaume-Uni;Channel 5;episode02-410698-12102023-saison4-All-Creatures-Great-and-Small-(2020).html;None
241;Alphonse;1;1;12-10-2023;Etats-Unis;Prime Video;episode01-411024-12102023-saison1-Alphonse.html;None
242;Alphonse;2;1;12-10-2023;Etats-Unis;Prime Video;episode02-411131-12102023-saison1-Alphonse.html;None
243;Alphonse;3;1;12-10-2023;Etats-Unis;Prime Video;episode03-411132-12102023-saison1-Alphonse.html;None
244;À La Carte;5;2;12-10-2023;Etats-Unis;ALLBLK;episode05-410518-12102023-saison2-A-La-Carte.html;None
245;Cobra (UK);1;3;12-10-2023;Royaume-Uni;Sky1;episode01-410604-12102023-saison3-Cobra-(UK).html;None
246;Cobra (UK);2;3;12-10-2023;Royaume-Uni;Sky1;episode02-411133-12102023-saison3-Cobra-(UK).html;None
247;Cobra (UK);3;3;12-10-2023;Royaume-Uni;Sky1;episode03-411134-12102023-saison3-Cobra-(UK).html;None
248;Cobra (UK);4;3;12-10-2023;Royaume-Uni;Sky1;episode04-411135-12102023-saison3-Cobra-(UK).html;None
249;Cobra (UK);5;3;12-10-2023;Royaume-Uni;Sky1;episode05-411136-12102023-saison3-Cobra-(UK).html;None
250;Cobra (UK);6;3;12-10-2023;Royaume-Uni;Sky1;episode06-411137-12102023-saison3-Cobra-(UK).html;None
251;Demain nous appartient;39;7;12-10-2023;France;TF1;episode39-411036-12102023-saison7-Demain-nous-appartient.html;None
252;Doom Patrol;7;4;12-10-2023;Etats-Unis;HBO Max;episode07-410004-12102023-saison4-Doom-Patrol.html;None
253;Doom Patrol;8;4;12-10-2023;Etats-Unis;HBO Max;episode08-410005-12102023-saison4-Doom-Patrol.html;None
254;Frasier (2023);1;1;12-10-2023;Etats-Unis;Paramount+;episode01-409723-12102023-saison1-Frasier-(2023).html;None
255;Frasier (2023);2;1;12-10-2023;Etats-Unis;Paramount+;episode02-409724-12102023-saison1-Frasier-(2023).html;None
256;Ici tout commence;34;4;12-10-2023;France;TF1;episode34-411041-12102023-saison4-Ici-tout-commence.html;None
257;Les révoltés;7;1;12-10-2023;Canada;Club illico ;episode07-411203-12102023-saison1-Les-revoltes.html;None
258;Les révoltés;8;1;12-10-2023;Canada;Club illico ;episode08-411204-12102023-saison1-Les-revoltes.html;None
259;Loki;2;2;12-10-2023;Etats-Unis;Disney+;episode02-410902-12102023-saison2-Loki.html;None
260;LT-21;1;1;12-10-2023;France;OCS;episode01-408962-12102023-saison1-LT-21.html;None
261;LT-21;2;1;12-10-2023;France;OCS;episode02-408963-12102023-saison1-LT-21.html;None
262;Nackt über Berlin;1;1;12-10-2023;France;Arte;episode01-410608-12102023-saison1-Nackt-uber-Berlin.html;None
263;Nackt über Berlin;2;1;12-10-2023;France;Arte;episode02-410609-12102023-saison1-Nackt-uber-Berlin.html;None
264;Nackt über Berlin;3;1;12-10-2023;France;Arte;episode03-410610-12102023-saison1-Nackt-uber-Berlin.html;None
265;Our Flag Means Death;4;2;12-10-2023;Etats-Unis;HBO Max;episode04-409665-12102023-saison2-Our-Flag-Means-Death.html;None
266;Our Flag Means Death;5;2;12-10-2023;Etats-Unis;HBO Max;episode05-409666-12102023-saison2-Our-Flag-Means-Death.html;None
267;Star Trek: Lower Decks;7;4;12-10-2023;Etats-Unis;Paramount+;episode07-409761-12102023-saison4-Star-Trek-Lower-Decks.html;None
268;The Fall of the House of Usher;1;1;12-10-2023;Etats-Unis;Netflix;episode01-408906-12102023-saison1-The-Fall-of-the-House-of-Usher.html;None
269;The Fall of the House of Usher;2;1;12-10-2023;Etats-Unis;Netflix;episode02-411090-12102023-saison1-The-Fall-of-the-House-of-Usher.html;None
270;The Fall of the House of Usher;3;1;12-10-2023;Etats-Unis;Netflix;episode03-411091-12102023-saison1-The-Fall-of-the-House-of-Usher.html;None
271;The Fall of the House of Usher;4;1;12-10-2023;Etats-Unis;Netflix;episode04-411092-12102023-saison1-The-Fall-of-the-House-of-Usher.html;None
272;The Fall of the House of Usher;5;1;12-10-2023;Etats-Unis;Netflix;episode05-411093-12102023-saison1-The-Fall-of-the-House-of-Usher.html;None
273;The Fall of the House of Usher;6;1;12-10-2023;Etats-Unis;Netflix;episode06-411094-12102023-saison1-The-Fall-of-the-House-of-Usher.html;None
274;The Fall of the House of Usher;7;1;12-10-2023;Etats-Unis;Netflix;episode07-411095-12102023-saison1-The-Fall-of-the-House-of-Usher.html;None
275;The Fall of the House of Usher;8;1;12-10-2023;Etats-Unis;Netflix;episode08-411096-12102023-saison1-The-Fall-of-the-House-of-Usher.html;None
276;Un Si Grand Soleil;29;6;12-10-2023;France;France 2;episode29-411045-12102023-saison6-Un-Si-Grand-Soleil.html;None
277;Billions;10;7;13-10-2023;Etats-Unis;Showtime;episode10-409767-13102023-saison7-Billions.html;None
278;Bria Mack Gets A Life;1;1;13-10-2023;Canada;CraveTV;episode01-410332-13102023-saison1-Bria-Mack-Gets-A-Life.html;None
279;Bria Mack Gets A Life;2;1;13-10-2023;Canada;CraveTV;episode02-410333-13102023-saison1-Bria-Mack-Gets-A-Life.html;None
280;Bria Mack Gets A Life;3;1;13-10-2023;Canada;CraveTV;episode03-410334-13102023-saison1-Bria-Mack-Gets-A-Life.html;None
281;Creepshow;1;4;13-10-2023;Etats-Unis;Shudder;episode01-410146-13102023-saison4-Creepshow.html;None
282;Demain nous appartient;40;7;13-10-2023;France;TF1;episode40-411037-13102023-saison7-Demain-nous-appartient.html;None
283;Die Quellen des Bösen;1;1;13-10-2023;Allemagne;RTL;episode01-411207-13102023-saison1-Die-Quellen-des-Bosen.html;None
284;Die Quellen des Bösen;2;1;13-10-2023;Allemagne;RTL;episode02-411208-13102023-saison1-Die-Quellen-des-Bosen.html;None
285;Die Quellen des Bösen;3;1;13-10-2023;Allemagne;RTL;episode03-411209-13102023-saison1-Die-Quellen-des-Bosen.html;None
286;Die Quellen des Bösen;4;1;13-10-2023;Allemagne;RTL;episode04-411210-13102023-saison1-Die-Quellen-des-Bosen.html;None
287;Die Quellen des Bösen;5;1;13-10-2023;Allemagne;RTL;episode05-411211-13102023-saison1-Die-Quellen-des-Bosen.html;None
288;Die Quellen des Bösen;6;1;13-10-2023;Allemagne;RTL;episode06-411212-13102023-saison1-Die-Quellen-des-Bosen.html;None
289;Familjen Andersson;9;1;13-10-2023;Suède;SVT Play;episode09-409540-13102023-saison1-Familjen-Andersson.html;None
290;Gaslight;7;1;13-10-2023;Suède;SVT Play;episode07-410683-13102023-saison1-Gaslight.html;None
291;Gaslight;8;1;13-10-2023;Suède;SVT Play;episode08-410684-13102023-saison1-Gaslight.html;None
292;Gaslight;9;1;13-10-2023;Suède;SVT Play;episode09-410685-13102023-saison1-Gaslight.html;None
293;Gen V;5;1;13-10-2023;Etats-Unis;Prime Video;episode05-408429-13102023-saison1-Gen-V.html;None
294;Goosebumps (2023);1;1;13-10-2023;Etats-Unis;Disney+;episode01-409978-13102023-saison1-Goosebumps-(2023).html;None
295;Goosebumps (2023);2;1;13-10-2023;Etats-Unis;Disney+;episode02-409979-13102023-saison1-Goosebumps-(2023).html;None
296;Goosebumps (2023);3;1;13-10-2023;Etats-Unis;Disney+;episode03-409980-13102023-saison1-Goosebumps-(2023).html;None
297;Goosebumps (2023);4;1;13-10-2023;Etats-Unis;Disney+;episode04-409981-13102023-saison1-Goosebumps-(2023).html;None
298;Goosebumps (2023);5;1;13-10-2023;Etats-Unis;Disney+;episode05-409982-13102023-saison1-Goosebumps-(2023).html;None
299;Ici tout commence;35;4;13-10-2023;France;TF1;episode35-411042-13102023-saison4-Ici-tout-commence.html;None
300;John Carpenter's Suburban Screams;1;1;13-10-2023;Etats-Unis;Peacock;episode01-410425-13102023-saison1-John-Carpenter-s-Suburban-Screams.html;None
301;Lessons In Chemistry;1;1;13-10-2023;Etats-Unis;Apple TV+;episode01-406597-13102023-saison1-Lessons-In-Chemistry.html;54
302;Lessons In Chemistry;2;1;13-10-2023;Etats-Unis;Apple TV+;episode02-406598-13102023-saison1-Lessons-In-Chemistry.html;54
303;Power Book IV: Force;7;2;13-10-2023;Etats-Unis;Starz;episode07-410802-13102023-saison2-Power-Book-IV-Force.html;None
304;Shining Vale;1;2;13-10-2023;Etats-Unis;Starz;episode01-409054-13102023-saison2-Shining-Vale.html;None
305;Shoresy;4;2;13-10-2023;Canada;CraveTV;episode04-410867-13102023-saison2-Shoresy.html;None
306;SOKO Leipzig;8;24;13-10-2023;Allemagne;ZDF;episode08-410562-13102023-saison24-SOKO-Leipzig.html;None
307;Solsidan;4;8;13-10-2023;Suède;TV4;episode04-411053-13102023-saison8-Solsidan.html;None
308;Still Up;6;1;13-10-2023;Etats-Unis;Apple TV+;episode06-408947-13102023-saison1-Still-Up.html;45
309;The Changeling;8;1;13-10-2023;Etats-Unis;Apple TV+;episode08-408183-13102023-saison1-The-Changeling.html;50
310;The Good Ship Murder;1;1;13-10-2023;Royaume-Uni;Channel 5;episode01-410952-13102023-saison1-The-Good-Ship-Murder.html;None
311;Transplant;2;4;13-10-2023;Canada;CTV;episode02-409737-13102023-saison4-Transplant.html;None
312;Un Si Grand Soleil;30;6;13-10-2023;France;France 2;episode30-411046-13102023-saison6-Un-Si-Grand-Soleil.html;None
313;All Rise;15;3;14-10-2023;Etats-Unis;OWN;episode15-410329-14102023-saison3-All-Rise.html;None
314;Arthdal Chronicles;11;2;14-10-2023;Corée du Sud;tvN;episode11-411012-14102023-saison2-Arthdal-Chronicles.html;None
315;Boomer;7;1;14-10-2023;Belgique;Één;episode07-409828-14102023-saison1-Boomer.html;None
316;Arthdal Chronicles;12;2;15-10-2023;Corée du Sud;tvN;episode12-411013-15102023-saison2-Arthdal-Chronicles.html;None
317;Billy the Kid;1;2;15-10-2023;Etats-Unis;Epix;episode01-409587-15102023-saison2-Billy-the-Kid.html;None
318;Entre Tierras;6;1;15-10-2023;Espagne;ATRESplayer;episode06-410972-15102023-saison1-Entre-Tierras.html;None
319;Heartland (CA);3;17;15-10-2023;Canada;CBC;episode03-410869-15102023-saison17-Heartland-(CA).html;None
320;Last Week Tonight With John Oliver;13;10;15-10-2023;Etats-Unis;HBO;episode13-411282-15102023-saison10-Last-Week-Tonight-With-John-Oliver.html;None
321;Les Mystères de l'amour;10;33;15-10-2023;France;TMC;episode10-410795-15102023-saison33-Les-Mysteres-de-l-amour.html;None
322;Pantheon;1;2;15-10-2023;Etats-Unis;Prime Video;episode01-411163-15102023-saison2-Pantheon.html;None
323;Pantheon;2;2;15-10-2023;Etats-Unis;Prime Video;episode02-411164-15102023-saison2-Pantheon.html;None
324;Pantheon;3;2;15-10-2023;Etats-Unis;Prime Video;episode03-411165-15102023-saison2-Pantheon.html;None
325;Pantheon;4;2;15-10-2023;Etats-Unis;Prime Video;episode04-411166-15102023-saison2-Pantheon.html;None
326;Pantheon;5;2;15-10-2023;Etats-Unis;Prime Video;episode05-411167-15102023-saison2-Pantheon.html;None
327;Pantheon;6;2;15-10-2023;Etats-Unis;Prime Video;episode06-411168-15102023-saison2-Pantheon.html;None
328;Pantheon;7;2;15-10-2023;Etats-Unis;Prime Video;episode07-411169-15102023-saison2-Pantheon.html;None
329;Pantheon;8;2;15-10-2023;Etats-Unis;Prime Video;episode08-411170-15102023-saison2-Pantheon.html;None
330;Rick and Morty;1;7;15-10-2023;Etats-Unis;Adult Swim;episode01-409644-15102023-saison7-Rick-and-Morty.html;None
331;SkyMed;3;2;15-10-2023;Canada;CBC Gem;episode03-410741-15102023-saison2-SkyMed.html;None
332;The Walking Dead: Daryl Dixon;6;1;15-10-2023;Etats-Unis;AMC;episode06-409849-15102023-saison1-The-Walking-Dead-Daryl-Dixon.html;None
333;The Winter King;7;1;15-10-2023;Royaume-Uni;ITVX;episode07-409133-15102023-saison1-The-Winter-King.html;None
334;When Calls the Heart;12;10;15-10-2023;Etats-Unis;Hallmark Channel;episode12-407541-15102023-saison10-When-Calls-the-Heart.html;None
335;5è Rang;6;6;16-10-2023;Canada;Radio Canada;episode06-411292-16102023-saison6-5e-Rang.html;None
336;Acting Good;1;2;16-10-2023;Canada;The Comedy Network;episode01-411121-16102023-saison2-Acting-Good.html;None
337;D'argent et de sang;1;1;16-10-2023;France;Canal+;episode01-410171-16102023-saison1-D-argent-et-de-sang.html;None
338;Harry Wild;3;2;16-10-2023;Etats-Unis;Acorn TV;episode03-410201-16102023-saison2-Harry-Wild.html;None
339;Murdoch Mysteries;3;17;16-10-2023;Canada;Citytv;episode03-410870-16102023-saison17-Murdoch-Mysteries.html;None
340;Narvalo;6;3;16-10-2023;France;Canal+;episode06-410630-16102023-saison3-Narvalo.html;None
341;SOKO Potsdam;4;6;16-10-2023;Allemagne;ZDF;episode04-410909-16102023-saison6-SOKO-Potsdam.html;None
342;The Irrational;4;1;16-10-2023;Etats-Unis;NBC;episode04-409863-16102023-saison1-The-Irrational.html;None
343;Found;3;1;17-10-2023;Etats-Unis;NBC;episode03-409894-17102023-saison1-Found.html;None
344;The Oval;1;5;17-10-2023;Etats-Unis;BET;episode01-410192-17102023-saison5-The-Oval.html;None
345;American Horror Story;5;12;18-10-2023;Etats-Unis;FX;episode05-410785-18102023-saison12-American-Horror-Story.html;None
346;Bones of Crows;5;1;18-10-2023;Canada;CBC;episode05-410805-18102023-saison1-Bones-of-Crows.html;None
347;Children Ruin Everything;4;3;18-10-2023;Canada;CTV;episode04-411015-18102023-saison3-Children-Ruin-Everything.html;None
348;Chucky;3;3;18-10-2023;Etats-Unis;Syfy;episode03-409116-18102023-saison3-Chucky.html;None
349;Cooper's Bar;3;2;18-10-2023;Etats-Unis;AMC;episode03-411063-18102023-saison2-Cooper-s-Bar.html;None
350;Hudson & Rex;3;6;18-10-2023;Canada;Citytv;episode03-411097-18102023-saison6-Hudson--Rex.html;None
351;Invasion (2021);9;2;18-10-2023;Etats-Unis;Apple TV+;episode09-407973-18102023-saison2-Invasion-(2021).html;52
352;Kaala Paani;1;1;18-10-2023;Etats-Unis;Netflix;episode01-410946-18102023-saison1-Kaala-Paani.html;None
353;Kaala Paani;2;1;18-10-2023;Etats-Unis;Netflix;episode02-411286-18102023-saison1-Kaala-Paani.html;None
354;Kaala Paani;3;1;18-10-2023;Etats-Unis;Netflix;episode03-411287-18102023-saison1-Kaala-Paani.html;None
355;Kaala Paani;4;1;18-10-2023;Etats-Unis;Netflix;episode04-411288-18102023-saison1-Kaala-Paani.html;None
356;Kaala Paani;5;1;18-10-2023;Etats-Unis;Netflix;episode05-411289-18102023-saison1-Kaala-Paani.html;None
357;Kaala Paani;6;1;18-10-2023;Etats-Unis;Netflix;episode06-411290-18102023-saison1-Kaala-Paani.html;None
358;Kaala Paani;7;1;18-10-2023;Etats-Unis;Netflix;episode07-411291-18102023-saison1-Kaala-Paani.html;None
359;Les invisibles (FRA);1;3;18-10-2023;France;France.tv;episode01-411303-18102023-saison3-Les-invisibles-(FRA).html;None
360;Les invisibles (FRA);2;3;18-10-2023;France;France.tv;episode02-411304-18102023-saison3-Les-invisibles-(FRA).html;None
361;Les invisibles (FRA);3;3;18-10-2023;France;France.tv;episode03-411305-18102023-saison3-Les-invisibles-(FRA).html;None
362;Les invisibles (FRA);4;3;18-10-2023;France;France.tv;episode04-411306-18102023-saison3-Les-invisibles-(FRA).html;None
363;Les invisibles (FRA);5;3;18-10-2023;France;France.tv;episode05-411307-18102023-saison3-Les-invisibles-(FRA).html;None
364;Les invisibles (FRA);6;3;18-10-2023;France;France.tv;episode06-411308-18102023-saison3-Les-invisibles-(FRA).html;None
365;Magnum P.I. (2018);13;5;18-10-2023;Etats-Unis;NBC;episode13-410784-18102023-saison5-Magnum-PI-(2018).html;None
366;Quantum Leap (2022);3;2;18-10-2023;Etats-Unis;NBC;episode03-409964-18102023-saison2-Quantum-Leap-(2022).html;None
367;Robyn Hood;4;1;18-10-2023;Canada;Global;episode04-410951-18102023-saison1-Robyn-Hood.html;None
368;Sistas;12;6;18-10-2023;Etats-Unis;BET;episode12-410186-18102023-saison6-Sistas.html;None
369;SurrealEstate;3;2;18-10-2023;Etats-Unis;Syfy;episode03-410882-18102023-saison2-SurrealEstate.html;None
370;The Morning Show;7;3;18-10-2023;Etats-Unis;Apple TV+;episode07-407702-18102023-saison3-The-Morning-Show.html;50
371;The Worst of Evil;8;1;18-10-2023;Etats-Unis;Disney+;episode08-410770-18102023-saison1-The-Worst-of-Evil.html;None
372;The Worst of Evil;9;1;18-10-2023;Etats-Unis;Disney+;episode09-410771-18102023-saison1-The-Worst-of-Evil.html;None
373;Young Dylan;7;4;18-10-2023;Etats-Unis;Nickelodeon;episode07-410806-18102023-saison4-Young-Dylan.html;None
374;All Creatures Great and Small (2020);3;4;19-10-2023;Royaume-Uni;Channel 5;episode03-410817-19102023-saison4-All-Creatures-Great-and-Small-(2020).html;None
375;À La Carte;6;2;19-10-2023;Etats-Unis;ALLBLK;episode06-410519-19102023-saison2-A-La-Carte.html;None
376;Bodies (2023);1;1;19-10-2023;Etats-Unis;Netflix;episode01-409738-19102023-saison1-Bodies-(2023).html;None
377;Bodies (2023);2;1;19-10-2023;Etats-Unis;Netflix;episode02-409150-19102023-saison1-Bodies-(2023).html;None
378;Bodies (2023);3;1;19-10-2023;Etats-Unis;Netflix;episode03-409149-19102023-saison1-Bodies-(2023).html;None
379;Bodies (2023);4;1;19-10-2023;Etats-Unis;Netflix;episode04-409148-19102023-saison1-Bodies-(2023).html;None
380;Bodies (2023);5;1;19-10-2023;Etats-Unis;Netflix;episode05-411058-19102023-saison1-Bodies-(2023).html;None
381;Bodies (2023);6;1;19-10-2023;Etats-Unis;Netflix;episode06-411059-19102023-saison1-Bodies-(2023).html;None
382;Bodies (2023);7;1;19-10-2023;Etats-Unis;Netflix;episode07-411060-19102023-saison1-Bodies-(2023).html;None
383;Bodies (2023);8;1;19-10-2023;Etats-Unis;Netflix;episode08-411061-19102023-saison1-Bodies-(2023).html;None
384;Doom Patrol;9;4;19-10-2023;Etats-Unis;HBO Max;episode09-410006-19102023-saison4-Doom-Patrol.html;None
385;Frasier (2023);3;1;19-10-2023;Etats-Unis;Paramount+;episode03-409725-19102023-saison1-Frasier-(2023).html;None
386;La Mesias;3;1;19-10-2023;Espagne;Moviestar+;episode03-410545-19102023-saison1-La-Mesias.html;None
387;Les révoltés;9;1;19-10-2023;Canada;Club illico ;episode09-411205-19102023-saison1-Les-revoltes.html;None
388;Les révoltés;10;1;19-10-2023;Canada;Club illico ;episode10-411206-19102023-saison1-Les-revoltes.html;None
389;Loki;3;2;19-10-2023;Etats-Unis;Disney+;episode03-410903-19102023-saison2-Loki.html;None
390;LT-21;3;1;19-10-2023;France;OCS;episode03-408964-19102023-saison1-LT-21.html;None
391;LT-21;4;1;19-10-2023;France;OCS;episode04-408965-19102023-saison1-LT-21.html;None
392;Nackt über Berlin;4;1;19-10-2023;France;Arte;episode04-410611-19102023-saison1-Nackt-uber-Berlin.html;None
393;Nackt über Berlin;5;1;19-10-2023;France;Arte;episode05-410612-19102023-saison1-Nackt-uber-Berlin.html;None
394;Nackt über Berlin;6;1;19-10-2023;France;Arte;episode06-410613-19102023-saison1-Nackt-uber-Berlin.html;None
395;Neon;1;1;19-10-2023;Etats-Unis;Netflix;episode01-409747-19102023-saison1-Neon.html;None
396;Neon;2;1;19-10-2023;Etats-Unis;Netflix;episode02-409748-19102023-saison1-Neon.html;None
397;Neon;3;1;19-10-2023;Etats-Unis;Netflix;episode03-409749-19102023-saison1-Neon.html;None
398;Neon;4;1;19-10-2023;Etats-Unis;Netflix;episode04-409750-19102023-saison1-Neon.html;None
399;Neon;5;1;19-10-2023;Etats-Unis;Netflix;episode05-409751-19102023-saison1-Neon.html;None
400;Neon;6;1;19-10-2023;Etats-Unis;Netflix;episode06-409752-19102023-saison1-Neon.html;None
401;Neon;7;1;19-10-2023;Etats-Unis;Netflix;episode07-409753-19102023-saison1-Neon.html;None
402;Neon;8;1;19-10-2023;Etats-Unis;Netflix;episode08-409754-19102023-saison1-Neon.html;None
403;Our Flag Means Death;6;2;19-10-2023;Etats-Unis;HBO Max;episode06-409667-19102023-saison2-Our-Flag-Means-Death.html;None
404;Our Flag Means Death;7;2;19-10-2023;Etats-Unis;HBO Max;episode07-409668-19102023-saison2-Our-Flag-Means-Death.html;None
405;Star Trek: Lower Decks;8;4;19-10-2023;Etats-Unis;Paramount+;episode08-409762-19102023-saison4-Star-Trek-Lower-Decks.html;None
406;The Burning Girls;1;1;19-10-2023;Etats-Unis;Paramount+;episode01-410587-19102023-saison1-The-Burning-Girls.html;None
407;The Burning Girls;2;1;19-10-2023;Etats-Unis;Paramount+;episode02-411309-19102023-saison1-The-Burning-Girls.html;None
408;The Burning Girls;3;1;19-10-2023;Etats-Unis;Paramount+;episode03-411310-19102023-saison1-The-Burning-Girls.html;None
409;The Burning Girls;4;1;19-10-2023;Etats-Unis;Paramount+;episode04-411311-19102023-saison1-The-Burning-Girls.html;None
410;The Burning Girls;5;1;19-10-2023;Etats-Unis;Paramount+;episode05-411312-19102023-saison1-The-Burning-Girls.html;None
411;The Burning Girls;6;1;19-10-2023;Etats-Unis;Paramount+;episode06-411313-19102023-saison1-The-Burning-Girls.html;None
412;Wicked City (2022);1;2;19-10-2023;Etats-Unis;ALLBLK;episode01-411118-19102023-saison2-Wicked-City-(2022).html;None
413;Wolf Like Me;1;2;19-10-2023;Etats-Unis;Peacock;episode01-409700-19102023-saison2-Wolf-Like-Me.html;None
414;Wolf Like Me;2;2;19-10-2023;Etats-Unis;Peacock;episode02-409701-19102023-saison2-Wolf-Like-Me.html;None
415;Wolf Like Me;3;2;19-10-2023;Etats-Unis;Peacock;episode03-409702-19102023-saison2-Wolf-Like-Me.html;None
416;Wolf Like Me;4;2;19-10-2023;Etats-Unis;Peacock;episode04-409703-19102023-saison2-Wolf-Like-Me.html;None
417;Wolf Like Me;5;2;19-10-2023;Etats-Unis;Peacock;episode05-409704-19102023-saison2-Wolf-Like-Me.html;None
418;Wolf Like Me;6;2;19-10-2023;Etats-Unis;Peacock;episode06-409705-19102023-saison2-Wolf-Like-Me.html;None
419;Wolf Like Me;7;2;19-10-2023;Etats-Unis;Peacock;episode07-409706-19102023-saison2-Wolf-Like-Me.html;None
420;Big Mouth;1;7;20-10-2023;Etats-Unis;Netflix;episode01-410260-20102023-saison7-Big-Mouth.html;None
421;Big Mouth;2;7;20-10-2023;Etats-Unis;Netflix;episode02-411318-20102023-saison7-Big-Mouth.html;None
422;Big Mouth;3;7;20-10-2023;Etats-Unis;Netflix;episode03-411319-20102023-saison7-Big-Mouth.html;None
423;Big Mouth;4;7;20-10-2023;Etats-Unis;Netflix;episode04-411320-20102023-saison7-Big-Mouth.html;None
424;Big Mouth;5;7;20-10-2023;Etats-Unis;Netflix;episode05-411321-20102023-saison7-Big-Mouth.html;None
425;Big Mouth;6;7;20-10-2023;Etats-Unis;Netflix;episode06-411322-20102023-saison7-Big-Mouth.html;None
426;Big Mouth;7;7;20-10-2023;Etats-Unis;Netflix;episode07-411323-20102023-saison7-Big-Mouth.html;None
427;Big Mouth;8;7;20-10-2023;Etats-Unis;Netflix;episode08-411324-20102023-saison7-Big-Mouth.html;None
428;Big Mouth;9;7;20-10-2023;Etats-Unis;Netflix;episode09-411325-20102023-saison7-Big-Mouth.html;None
429;Big Mouth;10;7;20-10-2023;Etats-Unis;Netflix;episode10-411326-20102023-saison7-Big-Mouth.html;None
430;Billions;11;7;20-10-2023;Etats-Unis;Showtime;episode11-409776-20102023-saison7-Billions.html;None
431;Bosch: Legacy;1;2;20-10-2023;Etats-Unis;Amazon Freevee;episode01-409707-20102023-saison2-Bosch-Legacy.html;None
432;Bosch: Legacy;2;2;20-10-2023;Etats-Unis;Amazon Freevee;episode02-409708-20102023-saison2-Bosch-Legacy.html;None
433;Bosch: Legacy;3;2;20-10-2023;Etats-Unis;Amazon Freevee;episode03-409709-20102023-saison2-Bosch-Legacy.html;None
434;Bosch: Legacy;4;2;20-10-2023;Etats-Unis;Amazon Freevee;episode04-409710-20102023-saison2-Bosch-Legacy.html;None
435;Bria Mack Gets A Life;4;1;20-10-2023;Canada;CraveTV;episode04-410335-20102023-saison1-Bria-Mack-Gets-A-Life.html;None
436;Bria Mack Gets A Life;5;1;20-10-2023;Canada;CraveTV;episode05-410336-20102023-saison1-Bria-Mack-Gets-A-Life.html;None
437;Bria Mack Gets A Life;6;1;20-10-2023;Canada;CraveTV;episode06-410337-20102023-saison1-Bria-Mack-Gets-A-Life.html;None
438;Doona!;1;1;20-10-2023;Etats-Unis;Netflix;episode01-410162-20102023-saison1-Doona.html;None
439;Doona!;2;1;20-10-2023;Etats-Unis;Netflix;episode02-410163-20102023-saison1-Doona.html;None
440;Doona!;3;1;20-10-2023;Etats-Unis;Netflix;episode03-410164-20102023-saison1-Doona.html;None
441;Doona!;4;1;20-10-2023;Etats-Unis;Netflix;episode04-410165-20102023-saison1-Doona.html;None
442;Doona!;5;1;20-10-2023;Etats-Unis;Netflix;episode05-410166-20102023-saison1-Doona.html;None
443;Doona!;6;1;20-10-2023;Etats-Unis;Netflix;episode06-410167-20102023-saison1-Doona.html;None
444;Doona!;7;1;20-10-2023;Etats-Unis;Netflix;episode07-410168-20102023-saison1-Doona.html;None
445;Doona!;8;1;20-10-2023;Etats-Unis;Netflix;episode08-410169-20102023-saison1-Doona.html;None
446;Doona!;9;1;20-10-2023;Etats-Unis;Netflix;episode09-410170-20102023-saison1-Doona.html;None
447;Élite;1;7;20-10-2023;Etats-Unis;Netflix;episode01-407350-20102023-saison7-Elite.html;None
448;Élite;2;7;20-10-2023;Etats-Unis;Netflix;episode02-407351-20102023-saison7-Elite.html;None
449;Élite;3;7;20-10-2023;Etats-Unis;Netflix;episode03-407352-20102023-saison7-Elite.html;None
450;Élite;4;7;20-10-2023;Etats-Unis;Netflix;episode04-407353-20102023-saison7-Elite.html;None
451;Élite;5;7;20-10-2023;Etats-Unis;Netflix;episode05-407354-20102023-saison7-Elite.html;None
452;Élite;6;7;20-10-2023;Etats-Unis;Netflix;episode06-407355-20102023-saison7-Elite.html;None
453;Élite;7;7;20-10-2023;Etats-Unis;Netflix;episode07-407356-20102023-saison7-Elite.html;None
454;Élite;8;7;20-10-2023;Etats-Unis;Netflix;episode08-407357-20102023-saison7-Elite.html;None
455;Familjen Andersson;10;1;20-10-2023;Suède;SVT Play;episode10-409541-20102023-saison1-Familjen-Andersson.html;None
456;Gen V;6;1;20-10-2023;Etats-Unis;Prime Video;episode06-408430-20102023-saison1-Gen-V.html;None
457;Goosebumps (2023);6;1;20-10-2023;Etats-Unis;Disney+;episode06-409983-20102023-saison1-Goosebumps-(2023).html;None
458;Lessons In Chemistry;3;1;20-10-2023;Etats-Unis;Apple TV+;episode03-406599-20102023-saison1-Lessons-In-Chemistry.html;54
459;Power Book IV: Force;8;2;20-10-2023;Etats-Unis;Starz;episode08-410987-20102023-saison2-Power-Book-IV-Force.html;None
460;Shining Vale;2;2;20-10-2023;Etats-Unis;Starz;episode02-411122-20102023-saison2-Shining-Vale.html;None
461;SOKO Leipzig;9;24;20-10-2023;Allemagne;ZDF;episode09-410563-20102023-saison24-SOKO-Leipzig.html;None
462;Still Up;7;1;20-10-2023;Etats-Unis;Apple TV+;episode07-408948-20102023-saison1-Still-Up.html;45
463;The Good Ship Murder;2;1;20-10-2023;Royaume-Uni;Channel 5;episode02-410953-20102023-saison1-The-Good-Ship-Murder.html;None
464;Transplant;3;4;20-10-2023;Canada;CTV;episode03-409839-20102023-saison4-Transplant.html;None
465;Upload;1;3;20-10-2023;Etats-Unis;Prime Video;episode01-410010-20102023-saison3-Upload.html;None
466;Upload;2;3;20-10-2023;Etats-Unis;Prime Video;episode02-410011-20102023-saison3-Upload.html;None
467;Yaratilan;1;1;20-10-2023;Etats-Unis;Netflix;episode01-409988-20102023-saison1-Yaratilan.html;None
468;Yaratilan;2;1;20-10-2023;Etats-Unis;Netflix;episode02-411327-20102023-saison1-Yaratilan.html;None
469;Yaratilan;3;1;20-10-2023;Etats-Unis;Netflix;episode03-411328-20102023-saison1-Yaratilan.html;None
470;Yaratilan;4;1;20-10-2023;Etats-Unis;Netflix;episode04-411329-20102023-saison1-Yaratilan.html;None
471;Yaratilan;5;1;20-10-2023;Etats-Unis;Netflix;episode05-411330-20102023-saison1-Yaratilan.html;None
472;Yaratilan;6;1;20-10-2023;Etats-Unis;Netflix;episode06-411331-20102023-saison1-Yaratilan.html;None
473;Yaratilan;7;1;20-10-2023;Etats-Unis;Netflix;episode07-411332-20102023-saison1-Yaratilan.html;None
474;Yaratilan;8;1;20-10-2023;Etats-Unis;Netflix;episode08-411333-20102023-saison1-Yaratilan.html;None
475;All Rise;16;3;21-10-2023;Etats-Unis;OWN;episode16-410330-21102023-saison3-All-Rise.html;None
476;Boomer;8;1;21-10-2023;Belgique;Één;episode08-409829-21102023-saison1-Boomer.html;None
477;Billy the Kid;2;2;22-10-2023;Etats-Unis;Epix;episode02-409588-22102023-saison2-Billy-the-Kid.html;None
478;Bob's Burgers;3;14;22-10-2023;Etats-Unis;Fox;episode03-410885-22102023-saison14-Bob-s-Burgers.html;None
479;Entre Tierras;7;1;22-10-2023;Espagne;ATRESplayer;episode07-410973-22102023-saison1-Entre-Tierras.html;None
480;Family Guy;3;22;22-10-2023;Etats-Unis;Fox;episode03-410998-22102023-saison22-Family-Guy.html;None
481;Fear the Walking Dead;7;8;22-10-2023;Etats-Unis;AMC;episode07-408754-22102023-saison8-Fear-the-Walking-Dead.html;None
482;Heartland (CA);4;17;22-10-2023;Canada;CBC;episode04-410871-22102023-saison17-Heartland-(CA).html;None
483;Krapopolis;5;1;22-10-2023;Etats-Unis;Fox;episode05-410699-22102023-saison1-Krapopolis.html;None
484;Les Mystères de l'amour;11;33;22-10-2023;France;TMC;episode11-410883-22102023-saison33-Les-Mysteres-de-l-amour.html;None
485;Rick and Morty;2;7;22-10-2023;Etats-Unis;Adult Swim;episode02-410175-22102023-saison7-Rick-and-Morty.html;None
486;SkyMed;4;2;22-10-2023;Canada;CBC Gem;episode04-411101-22102023-saison2-SkyMed.html;None
487;The Simpsons;3;35;22-10-2023;Etats-Unis;Fox;episode03-410884-22102023-saison35-The-Simpsons.html;None
488;The Villains of Valley View;17;2;22-10-2023;Etats-Unis;Disney Channel;episode17-411283-22102023-saison2-The-Villains-of-Valley-View.html;None
489;The Winter King;8;1;22-10-2023;Royaume-Uni;ITVX;episode08-409134-22102023-saison1-The-Winter-King.html;None
490;30 Monedas;1;2;23-10-2023;Europe;HBO Europe;episode01-410606-23102023-saison2-30-Monedas.html;None
491;5è Rang;7;6;23-10-2023;Canada;Radio Canada;episode07-411293-23102023-saison6-5e-Rang.html;None
492;Acting Good;2;2;23-10-2023;Canada;The Comedy Network;episode02-411294-23102023-saison2-Acting-Good.html;None
493;Harry Wild;4;2;23-10-2023;Etats-Unis;Acorn TV;episode04-410202-23102023-saison2-Harry-Wild.html;None
494;Murdoch Mysteries;4;17;23-10-2023;Canada;Citytv;episode04-410872-23102023-saison17-Murdoch-Mysteries.html;None
495;Narvalo;7;3;23-10-2023;France;Canal+;episode07-410631-23102023-saison3-Narvalo.html;None
496;SOKO Potsdam;5;6;23-10-2023;Allemagne;ZDF;episode05-410910-23102023-saison6-SOKO-Potsdam.html;None
497;Spooky Files;1;1;23-10-2023;Royaume-Uni;CBBC;episode01-411213-23102023-saison1-Spooky-Files.html;None
498;Spooky Files;2;1;23-10-2023;Royaume-Uni;CBBC;episode02-411214-23102023-saison1-Spooky-Files.html;None
499;Spooky Files;3;1;23-10-2023;Royaume-Uni;CBBC;episode03-411215-23102023-saison1-Spooky-Files.html;None
500;Spooky Files;4;1;23-10-2023;Royaume-Uni;CBBC;episode04-411216-23102023-saison1-Spooky-Files.html;None
501;Spooky Files;5;1;23-10-2023;Royaume-Uni;CBBC;episode05-411217-23102023-saison1-Spooky-Files.html;None
502;The Irrational;5;1;23-10-2023;Etats-Unis;NBC;episode05-409864-23102023-saison1-The-Irrational.html;None
503;Found;4;1;24-10-2023;Etats-Unis;NBC;episode04-409895-24102023-saison1-Found.html;None
504;The Oval;2;5;24-10-2023;Etats-Unis;BET;episode02-411123-24102023-saison5-The-Oval.html;None
505;Absolutni debiutanci;1;1;25-10-2023;Etats-Unis;Netflix;episode01-410956-25102023-saison1-Absolutni-debiutanci.html;None
506;American Horror Story;6;12;25-10-2023;Etats-Unis;FX;episode06-410999-25102023-saison12-American-Horror-Story.html;None
507;Chucky;4;3;25-10-2023;Etats-Unis;Syfy;episode04-409117-25102023-saison3-Chucky.html;None
508;Cooper's Bar;4;2;25-10-2023;Etats-Unis;AMC;episode04-411064-25102023-saison2-Cooper-s-Bar.html;None
509;Hudson & Rex;4;6;25-10-2023;Canada;Citytv;episode04-411098-25102023-saison6-Hudson--Rex.html;None
510;I Leoni di Sicilia;1;1;25-10-2023;Etats-Unis;Disney+;episode01-411334-25102023-saison1-I-Leoni-di-Sicilia.html;None
511;I Leoni di Sicilia;2;1;25-10-2023;Etats-Unis;Disney+;episode02-411335-25102023-saison1-I-Leoni-di-Sicilia.html;None
512;I Leoni di Sicilia;3;1;25-10-2023;Etats-Unis;Disney+;episode03-411336-25102023-saison1-I-Leoni-di-Sicilia.html;None
513;I Leoni di Sicilia;4;1;25-10-2023;Etats-Unis;Disney+;episode04-411337-25102023-saison1-I-Leoni-di-Sicilia.html;None
514;Invasion (2021);10;2;25-10-2023;Etats-Unis;Apple TV+;episode10-407974-25102023-saison2-Invasion-(2021).html;52
515;Magnum P.I. (2018);14;5;25-10-2023;Etats-Unis;NBC;episode14-410786-25102023-saison5-Magnum-PI-(2018).html;None
516;Quantum Leap (2022);4;2;25-10-2023;Etats-Unis;NBC;episode04-410254-25102023-saison2-Quantum-Leap-(2022).html;None
517;Robyn Hood;5;1;25-10-2023;Canada;Global;episode05-411016-25102023-saison1-Robyn-Hood.html;None
518;Sistas;13;6;25-10-2023;Etats-Unis;BET;episode13-411158-25102023-saison6-Sistas.html;None
519;SurrealEstate;4;2;25-10-2023;Etats-Unis;Syfy;episode04-410886-25102023-saison2-SurrealEstate.html;None
520;The Morning Show;8;3;25-10-2023;Etats-Unis;Apple TV+;episode08-407703-25102023-saison3-The-Morning-Show.html;50
521;The Worst of Evil;10;1;25-10-2023;Etats-Unis;Disney+;episode10-410772-25102023-saison1-The-Worst-of-Evil.html;None
522;The Worst of Evil;11;1;25-10-2023;Etats-Unis;Disney+;episode11-410773-25102023-saison1-The-Worst-of-Evil.html;None
523;The Worst of Evil;12;1;25-10-2023;Etats-Unis;Disney+;episode12-410774-25102023-saison1-The-Worst-of-Evil.html;None
524;Young Dylan;8;4;25-10-2023;Etats-Unis;Nickelodeon;episode08-410988-25102023-saison4-Young-Dylan.html;None
525;All Creatures Great and Small (2020);4;4;26-10-2023;Royaume-Uni;Channel 5;episode04-410984-26102023-saison4-All-Creatures-Great-and-Small-(2020).html;None
526;American Horror Stories;1;3;26-10-2023;Etats-Unis;FX;episode01-409055-26102023-saison3-American-Horror-Stories.html;None
527;American Horror Stories;2;3;26-10-2023;Etats-Unis;FX;episode02-411055-26102023-saison3-American-Horror-Stories.html;None
528;American Horror Stories;3;3;26-10-2023;Etats-Unis;FX;episode03-411056-26102023-saison3-American-Horror-Stories.html;None
529;American Horror Stories;4;3;26-10-2023;Etats-Unis;FX;episode04-411057-26102023-saison3-American-Horror-Stories.html;None
530;À La Carte;7;2;26-10-2023;Etats-Unis;ALLBLK;episode07-410520-26102023-saison2-A-La-Carte.html;None
531;Doom Patrol;10;4;26-10-2023;Etats-Unis;HBO Max;episode10-410007-26102023-saison4-Doom-Patrol.html;None
532;Frasier (2023);4;1;26-10-2023;Etats-Unis;Paramount+;episode04-409726-26102023-saison1-Frasier-(2023).html;None
533;La Mesias;4;1;26-10-2023;Espagne;Moviestar+;episode04-410546-26102023-saison1-La-Mesias.html;None
534;Loki;4;2;26-10-2023;Etats-Unis;Disney+;episode04-410904-26102023-saison2-Loki.html;None
535;LT-21;5;1;26-10-2023;France;OCS;episode05-408966-26102023-saison1-LT-21.html;None
536;LT-21;6;1;26-10-2023;France;OCS;episode06-408967-26102023-saison1-LT-21.html;None
537;Our Flag Means Death;8;2;26-10-2023;Etats-Unis;HBO Max;episode08-409669-26102023-saison2-Our-Flag-Means-Death.html;None
538;Pluto;1;1;26-10-2023;Etats-Unis;Netflix;episode01-406634-26102023-saison1-Pluto.html;None
539;Star Trek: Lower Decks;9;4;26-10-2023;Etats-Unis;Paramount+;episode09-409763-26102023-saison4-Star-Trek-Lower-Decks.html;None
540;The Vanishing Triangle;1;1;26-10-2023;Etats-Unis;SundanceTV;episode01-410193-26102023-saison1-The-Vanishing-Triangle.html;None
541;The Vanishing Triangle;2;1;26-10-2023;Etats-Unis;SundanceTV;episode02-410194-26102023-saison1-The-Vanishing-Triangle.html;None
542;Billions;12;7;27-10-2023;Etats-Unis;Showtime;episode12-409777-27102023-saison7-Billions.html;None
543;Bosch: Legacy;5;2;27-10-2023;Etats-Unis;Amazon Freevee;episode05-409711-27102023-saison2-Bosch-Legacy.html;None
544;Bosch: Legacy;6;2;27-10-2023;Etats-Unis;Amazon Freevee;episode06-409712-27102023-saison2-Bosch-Legacy.html;None
545;Fellow Travelers 1;1;1;27-10-2023;Etats-Unis;Showtime;episode01-409066-27102023-saison1-Fellow-Travelers-1.html;None
546;Gen V;7;1;27-10-2023;Etats-Unis;Prime Video;episode07-408431-27102023-saison1-Gen-V.html;None
547;Goosebumps (2023);7;1;27-10-2023;Etats-Unis;Disney+;episode07-409984-27102023-saison1-Goosebumps-(2023).html;None
548;Lessons In Chemistry;4;1;27-10-2023;Etats-Unis;Apple TV+;episode04-406600-27102023-saison1-Lessons-In-Chemistry.html;54
549;Memento Mori;1;1;27-10-2023;Etats-Unis;Prime Video;episode01-410947-27102023-saison1-Memento-Mori.html;None
550;Shining Vale;3;2;27-10-2023;Etats-Unis;Starz;episode03-411124-27102023-saison2-Shining-Vale.html;None
551;SOKO Leipzig;10;24;27-10-2023;Allemagne;ZDF;episode10-410564-27102023-saison24-SOKO-Leipzig.html;None
552;Still Up;8;1;27-10-2023;Etats-Unis;Apple TV+;episode08-408949-27102023-saison1-Still-Up.html;45
553;The Good Ship Murder;3;1;27-10-2023;Royaume-Uni;Channel 5;episode03-410954-27102023-saison1-The-Good-Ship-Murder.html;None
554;Tore;1;1;27-10-2023;Etats-Unis;Netflix;episode01-410156-27102023-saison1-Tore.html;None
555;Tore;2;1;27-10-2023;Etats-Unis;Netflix;episode02-410157-27102023-saison1-Tore.html;None
556;Tore;3;1;27-10-2023;Etats-Unis;Netflix;episode03-410158-27102023-saison1-Tore.html;None
557;Tore;4;1;27-10-2023;Etats-Unis;Netflix;episode04-410159-27102023-saison1-Tore.html;None
558;Tore;5;1;27-10-2023;Etats-Unis;Netflix;episode05-410160-27102023-saison1-Tore.html;None
559;Tore;6;1;27-10-2023;Etats-Unis;Netflix;episode06-410161-27102023-saison1-Tore.html;None
560;Transplant;4;4;27-10-2023;Canada;CTV;episode04-409840-27102023-saison4-Transplant.html;None
561;Upload;3;3;27-10-2023;Etats-Unis;Prime Video;episode03-410012-27102023-saison3-Upload.html;None
562;Upload;4;3;27-10-2023;Etats-Unis;Prime Video;episode04-410013-27102023-saison3-Upload.html;None
563;All Rise;17;3;28-10-2023;Etats-Unis;OWN;episode17-410331-28102023-saison3-All-Rise.html;None
564;Boomer;9;1;28-10-2023;Belgique;Één;episode09-409830-28102023-saison1-Boomer.html;None
565;Billy the Kid;3;2;29-10-2023;Etats-Unis;Epix;episode03-409589-29102023-saison2-Billy-the-Kid.html;None
566;Bob's Burgers;4;14;29-10-2023;Etats-Unis;Fox;episode04-410887-29102023-saison14-Bob-s-Burgers.html;None
567;Entre Tierras;8;1;29-10-2023;Espagne;ATRESplayer;episode08-410974-29102023-saison1-Entre-Tierras.html;None
568;Fear the Walking Dead;8;8;29-10-2023;Etats-Unis;AMC;episode08-408755-29102023-saison8-Fear-the-Walking-Dead.html;None
569;Heartland (CA);5;17;29-10-2023;Canada;CBC;episode05-411244-29102023-saison17-Heartland-(CA).html;None
570;Krapopolis;6;1;29-10-2023;Etats-Unis;Fox;episode06-410700-29102023-saison1-Krapopolis.html;None
571;Les Mystères de l'amour;12;33;29-10-2023;France;TMC;episode12-411100-29102023-saison33-Les-Mysteres-de-l-amour.html;None
572;Rick and Morty;3;7;29-10-2023;Etats-Unis;Adult Swim;episode03-411159-29102023-saison7-Rick-and-Morty.html;None
573;SkyMed;5;2;29-10-2023;Canada;CBC Gem;episode05-411280-29102023-saison2-SkyMed.html;None
574;The Gilded Age;1;2;29-10-2023;Etats-Unis;HBO;episode01-409717-29102023-saison2-The-Gilded-Age.html;None
575;The Simpsons;4;35;29-10-2023;Etats-Unis;Fox;episode04-410985-29102023-saison35-The-Simpsons.html;None
576;The Winter King;9;1;29-10-2023;Royaume-Uni;ITVX;episode09-409135-29102023-saison1-The-Winter-King.html;None
577;Acting Good;3;2;30-10-2023;Canada;The Comedy Network;episode03-411295-30102023-saison2-Acting-Good.html;None
578;American Dad!;15;19;30-10-2023;Etats-Unis;TBS (US);episode15-411032-30102023-saison19-American-Dad.html;None
579;Harry Wild;5;2;30-10-2023;Etats-Unis;Acorn TV;episode05-410203-30102023-saison2-Harry-Wild.html;None
580;Murdoch Mysteries;5;17;30-10-2023;Canada;Citytv;episode05-411017-30102023-saison17-Murdoch-Mysteries.html;None
581;SOKO Potsdam;6;6;30-10-2023;Allemagne;ZDF;episode06-410911-30102023-saison6-SOKO-Potsdam.html;None
582;The Irrational;6;1;30-10-2023;Etats-Unis;NBC;episode06-409865-30102023-saison1-The-Irrational.html;None
583;Found;5;1;31-10-2023;Etats-Unis;NBC;episode05-409896-31102023-saison1-Found.html;None
584;The Oval;3;5;31-10-2023;Etats-Unis;BET;episode03-411296-31102023-saison5-The-Oval.html;None
